Workbook

Sheet わざCP計算
C1: CP
A2: 威力 | B2: 3 | C2: =IFERROR(VLOOKUP(B2,わざデータ!J1:K6,2,FALSE),0) -> 3
A3: 射程 | B3: 1 | C3: =VLOOKUP(B3,わざデータ!D2:E5,2,FALSE) -> 0
A4: 対象 | B4: 1体 | C4: =VLOOKUP(B4,わざデータ!G2:H6,2,FALSE) -> 0
A5: わざタグ | C5: =IFERROR(VLOOKUP(B5,わざデータ!A:B,2,FALSE),0) -> 0
C6: =IFERROR(VLOOKUP(B6,わざデータ!A:B,2,FALSE),0) -> 0
C7: =IFERROR(VLOOKUP(B7,わざデータ!A:B,2,FALSE),0) -> 0
C8: =IFERROR(VLOOKUP(B8,わざデータ!A:B,2,FALSE),0) -> 0
C9: =IFERROR(VLOOKUP(B9,わざデータ!A:B,2,FALSE),0) -> 0
C10: =IFERROR(VLOOKUP(B10,わざデータ!A:B,2,FALSE),0) -> 0
C11: =IFERROR(VLOOKUP(B11,わざデータ!A:B,2,FALSE),0) -> 0
C12: =IFERROR(VLOOKUP(B12,わざデータ!A:B,2,FALSE),0) -> 0
B15: 合計 | C15: =SUM(C2:C12) -> 3

Sheet 能力値計算
C1: たいりょく | D1: ちから | E1: にんたい | F1: ちえ | G1: せいしん | H1: きようさ
B2: 基本能力値 | C2: 5 | D2: 3 | E2: 4 | F2: 10 | G2: 4 | H2: 4 | I2: ←太枠黄色セルはユーザー入力
A3: おおきさ | B3: こがた | C3: =VLOOKUP($B3,特徴表!$A:$G,COLUMN()-1,FALSE) -> 5 | D3: =VLOOKUP($B3,特徴表!$A:$G,COLUMN()-1,FALSE) -> 3 | E3: =VLOOKUP($B3,特徴表!$A:$G,COLUMN()-1,FALSE) -> 0 | F3: =VLOOKUP($B3,特徴表!$A:$G,COLUMN()-1,FALSE) -> 3 | G3: =VLOOKUP($B3,特徴表!$A:$G,COLUMN()-1,FALSE) -> 0 | H3: =VLOOKUP($B3,特徴表!$A:$G,COLUMN()-1,FALSE) -> 5
A4: からだ | B4: やわらかい | C4: =VLOOKUP($B4,特徴表!$A:$G,COLUMN()-1,FALSE) -> 5 | D4: =VLOOKUP($B4,特徴表!$A:$G,COLUMN()-1,FALSE) -> 0 | E4: =VLOOKUP($B4,特徴表!$A:$G,COLUMN()-1,FALSE) -> 0 | F4: =VLOOKUP($B4,特徴表!$A:$G,COLUMN()-1,FALSE) -> 0 | G4: =VLOOKUP($B4,特徴表!$A:$G,COLUMN()-1,FALSE) -> 2 | H4: =VLOOKUP($B4,特徴表!$A:$G,COLUMN()-1,FALSE) -> 0
A5: いどう | B5: よつあし | C5: =VLOOKUP($B5,特徴表!$A:$G,COLUMN()-1,FALSE) -> 0 | D5: =VLOOKUP($B5,特徴表!$A:$G,COLUMN()-1,FALSE) -> 0 | E5: =VLOOKUP($B5,特徴表!$A:$G,COLUMN()-1,FALSE) -> 0 | F5: =VLOOKUP($B5,特徴表!$A:$G,COLUMN()-1,FALSE) -> 0 | G5: =VLOOKUP($B5,特徴表!$A:$G,COLUMN()-1,FALSE) -> 0 | H5: =VLOOKUP($B5,特徴表!$A:$G,COLUMN()-1,FALSE) -> 4
A6: その他 | B6: かしこい | C6: =VLOOKUP($B6,特徴表!$A:$G,COLUMN()-1,FALSE) -> 0 | D6: =VLOOKUP($B6,特徴表!$A:$G,COLUMN()-1,FALSE) -> 0 | E6: =VLOOKUP($B6,特徴表!$A:$G,COLUMN()-1,FALSE) -> 0 | F6: =VLOOKUP($B6,特徴表!$A:$G,COLUMN()-1,FALSE) -> 1 | G6: =VLOOKUP($B6,特徴表!$A:$G,COLUMN()-1,FALSE) -> 1 | H6: =VLOOKUP($B6,特徴表!$A:$G,COLUMN()-1,FALSE) -> 0
A7: その他 | B7: たくましい | C7: =VLOOKUP($B7,特徴表!$A:$G,COLUMN()-1,FALSE) -> 2 | D7: =VLOOKUP($B7,特徴表!$A:$G,COLUMN()-1,FALSE) -> 1 | E7: =VLOOKUP($B7,特徴表!$A:$G,COLUMN()-1,FALSE) -> 1 | F7: =VLOOKUP($B7,特徴表!$A:$G,COLUMN()-1,FALSE) -> 0 | G7: =VLOOKUP($B7,特徴表!$A:$G,COLUMN()-1,FALSE) -> 0 | H7: =VLOOKUP($B7,特徴表!$A:$G,COLUMN()-1,FALSE) -> 0
B8: ↑太枠黄色セルはユーザー入力
C9: HP | D9: こうげき | E9: ぼうぎょ | F9: とくこう | G9: とくぼう | H9: すばやさ
C10: =SUM(C2:C7)+10 -> 27 | D10: =SUM(D2:D7) -> 7 | E10: =SUM(E2:E7) -> 5 | F10: =SUM(F2:F7) -> 14 | G10: =SUM(G2:G7) -> 7 | H10: =SUM(H2:H7) -> 13 | I10: ←太字セルは自動入力

Sheet わざデータ
A1: 命中不安 | B1: -3 | D1: 射程 | E1: CP | G1: 対象 | H1: CP | J1: 威力 | K1: CP
A2: 命中不安（小） | B2: -2 | D2: 0 | E2: 0 | G2: 自身 | H2: 0 | J2: 1 | K2: 0
A3: まきこまない | B3: 3 | D3: 1 | E3: 0 | G3: 1体 | H3: 0 | J3: 2 | K3: 1
A4: 反動 | B4: -3 | D4: 2 | E4: 1 | G4: 周囲4スクエア | H4: 3 | J4: 3 | K4: 3
A5: 大振り | B5: -4 | D5: 5 | E5: 3 | G5: 周囲8スクエア | H5: 4 | J5: 5 | K5: 5
A6: 吸収 | B6: -4 | G6: 直線 | H6: 4 | J6: 8 | K6: 10
A7: 状態異常：どく | B7: 6
A8: 状態異常：まひ | B8: 6
A9: 状態異常：ねむけ | B9: 6
A10: 状態異常：やけど | B10: 6
A11: 癒しの力 | B11: 7
A12: 浄化 | B12: 5
A13: 防御（物理） | B13: 3
A14: 防御（特殊） | B14: 3
A15: てだすけ | B15: 7
A16: ひょうてき | B16: 6

Sheet 特徴表
A1: とくちょう | B1: HP | C1: こうげき | D1: ぼうぎょ | E1: とくこう | F1: とくぼう | G1: すばやさ
A2: おおきい | B2: 18 | C2: 1 | D2: 2 | E2: 0 | F2: 0 | G2: -5
A3: ちゅうがた | B3: 9 | C3: 2 | D3: 1 | E3: 2 | F3: 1 | G3: 1
A4: こがた | B4: 5 | C4: 3 | D4: 0 | E4: 3 | F4: 0 | G4: 5
A5: かたい | B5: 7 | C5: 0 | D5: 2 | E5: 0 | F5: 0 | G5: -2
A6: やわらかい | B6: 5 | C6: 0 | D6: 0 | E6: 0 | F6: 2 | G6: 0
A7: うろこ | B7: 6 | C7: 0 | D7: 1 | E7: 0 | F7: 1 | G7: -1
A8: たいもう | B8: 5 | C8: 0 | D8: 0 | E8: 0 | F8: 2 | G8: 0
A9: ふたつあし | B9: 0 | C9: 2 | D9: 0 | E9: 2 | F9: 0 | G9: 0
A10: よつあし | B10: 0 | C10: 0 | D10: 0 | E10: 0 | F10: 0 | G10: 4
A11: たくさんのあし | B11: 0 | C11: 0 | D11: 2 | E11: 0 | F11: 0 | G11: 0
A12: つばさ | B12: 0 | C12: 0 | D12: 0 | E12: 0 | F12: 0 | G12: 2
A13: うかぶ | B13: 0 | C13: 0 | D13: 0 | E13: 2 | F13: 2 | G13: 0
... A22: わるがき | B22: 0 | C22: 0 | D22: 0 | E22: 0 | F22: 0 | G22: 1
